StepSize,GlobalError
0.2,0.488552
0.1,0.241972
0.05,0.127466
0.025,0.0665932
0.0125,0.0334892
0.01,0.0266411
