StepSize,GlobalError
0.2,0.0871666
0.1,0.0189048
0.05,0.00481986
0.025,0.00124505
0.0125,0.000309003
0.01,0.000195622
