StepSize,GlobalError
0.2,0.0152425
0.1,0.00374707
0.05,0.000927714
0.025,0.00023046
0.0125,5.73877e-05
0.01,3.66967e-05
